code,manufacturer,description,imageCount,primaryImage
GR-GWN7062E,Grandstream,New WIFI-6 Router,3,https://www.alloys.com.au/Images/ProductImages/Original/GWN7062E_1.JPG
GR-GWN7062ET,Grandstream,New WIFI-6 Router with 2 Fxs Ports,3,https://www.alloys.com.au/Images/ProductImages/Original/GWN7062ET_2.JPG
GR-DP755,Grandstream,Carrier Grade HD Dect Base Station Ptt Extended Range 20 Concurrent Calls,2,https://www.alloys.com.au/Images/ProductImages/Original/dp752_front_web.jpg
GR-GDS3705,Grandstream,HD IP Audio Door System with Keypad,3,https://www.alloys.com.au/Images/ProductImages/Original/GDS3705-
GR-GRP2613W,Grandstream,"6 Lines 6 SIP Accounts 2.8"" Screen POE + Gige Color WI-FI",2,https://www.alloys.com.au/Images/ProductImages/Original/GRP2613W.JPG
GR-GRP2616,Grandstream,6 Lines 6 SIP Accounts 4.3,2,https://www.alloys.com.au/Images/ProductImages/Original/GRP2616_01-largex750.jpg
GR-GSC3506V2,Grandstream,In Ceiling Flush Mount One Way SIP Interncom Speaker/ No Mic 30 Watt Speaker,2,https://www.alloys.com.au/Images/ProductImages/Original/GSC3506V2.JPG
GR-GSC3516,Grandstream,Surface Mount 2-WAY SIP POE Speaker Built in Mems Microphones,4,https://www.alloys.com.au/Images/ProductImages/Original/GSC3516_.jpg
GR-GWN7604,Grandstream,2X2 802.11AX AX3000 WI-FI 6 Ap with Integrated Gigabit Ethernet Switch,4,https://www.alloys.com.au/Images/ProductImages/Original/GWN7604.JPG
GR-GWN7615,Grandstream,3X3 802.11AC Mimo Wireless Access Point,3,https://www.alloys.com.au/Images/ProductImages/Original/GWN7615
GR-GWN7661E,Grandstream,2X2 802.11AX AX3000 WI-FI 6 IN-WALL Ap,3,https://www.alloys.com.au/Images/ProductImages/Original/GWN7661E
GR-GWN7662,Grandstream,WI-FI - 6 Hybrid 802.11AX Ap (2X2 2.4GHZ 4X4 5.0 Ghz),3,https://www.alloys.com.au/Images/ProductImages/Original/GWN7665
GR-GWN7664E,Grandstream,4X4 802.11AX WI-FI 6 Ap AX6000 2 X 2.5 Gbe Ports HE160,3,https://www.alloys.com.au/Images/ProductImages/Original/GWN7665
GR-GWN7665,Grandstream,2X2:2 802.11AX TRI-BAND WI-FI 6E Ap AX5400 1 X 2.5 + 1 X 1 Gbe Ports Ble 5.2,3,https://www.alloys.com.au/Images/ProductImages/Original/GWN7665
GR-GWN7670,Grandstream,2X2 Dual Band WI-FI 7 Indoor Ap 1 X 2.5 Gige Ble,7,https://www.alloys.com.au/Images/ProductImages/Original/GWN7670
GR-GWN7670WM,Grandstream,2X2 802.11BE BE3600 Dual Band WI-FI 7 Wallmount Ap 1 X 2.5 Gige Ble,5,https://www.alloys.com.au/Images/ProductImages/Original/GWN7670WM
GR-GWN7710R,Grandstream,Waterproof Managed Switch 5 X POE 1 X Sfp POE Output Ac/dc Powered,4,https://www.alloys.com.au/Images/ProductImages/Original/gwn7710r-view1.png
GR-GWN7711,Grandstream,Layer 2-LITE Managed Switch 8 X Gige,2,https://www.alloys.com.au/Images/ProductImages/Original/GWN7711.JPG
GR-GWN7711P,Grandstream,Layer 2-LITE Managed Switch 8 X Gige (4 X Poe/poe+ OR+24VDC Output Mode),2,https://www.alloys.com.au/Images/ProductImages/Original/GWN7711P.JPG
GR-GWN7816,Grandstream,48 Port Layer 3 Managed Switch,2,https://www.alloys.com.au/Images/ProductImages/Original/grandstream-gwn7816.jpg
GR-GWN7816P,Grandstream,48 Port POE Layer 3 Managed Switch,3,https://www.alloys.com.au/Images/ProductImages/Original/GWN7816P
GR-GXP2170,Grandstream,12 Lines 6 SIP Accounts POE + Gige Colour,2,https://www.alloys.com.au/Images/ProductImages/Original/GXP2170.JPG
GR-GXP2200EXT,Grandstream,LCD Extension Module,3,https://www.alloys.com.au/Images/ProductImages/Original/gxp2200-
GR-GXV3470,Grandstream,"Android Based Portrait Mount 7"" Video Phone",5,https://www.alloys.com.au/Images/ProductImages/Original/GXV3470-2.png
GR-GXW4108,Grandstream,8 Port Fxo Analogue VOIP Gateway,2,https://www.alloys.com.au/Images/ProductImages/Original/gxw-4108.jpeg
GR-HT801V2,Grandstream,1 Fxs 1 Fastethernet,3,https://www.alloys.com.au/Images/ProductImages/Original/HT801V2.JPG
GR-HT802V2,Grandstream,2 Fxs 1 Fastethernet,3,https://www.alloys.com.au/Images/ProductImages/Original/HT802V2.JPG
GR-HT812V2,Grandstream,2 Fxs 2 Gige Nat Router,3,https://www.alloys.com.au/Images/ProductImages/Original/HT812V2.JPG
GR-HT814V2,Grandstream,4 Fxs 2 Gige Nat Router,3,https://www.alloys.com.au/Images/ProductImages/Original/HT814V2.JPG
GR-HT818V2,Grandstream,8 Fxs 2 Gige Nat Router,3,https://www.alloys.com.au/Images/ProductImages/Original/HT818V2.JPG
GR-UCM6301,Grandstream,1 Fxo 1FXS 500 Users,2,https://www.alloys.com.au/Images/ProductImages/Original/UCM6301.JPG
GR-UCM6302,Grandstream,2 Fxo 2FXS 1000 Users,2,https://www.alloys.com.au/Images/ProductImages/Original/UCM6302.JPG
GR-UCM6308,Grandstream,8 Fxo 8 Fxs 3000 Users,2,https://www.alloys.com.au/Images/ProductImages/Original/UCM6308.JPG
AK-00568P11,Akuvox,A01/02/03 ON-WALL Installation Kit,3,https://www.alloys.com.au/Images/ProductImages/Original/Wall-Mount-Box-for-A01-A02.jpg
AK-A02,Akuvox,A02-RFID+KEYPAD Access Control Terminal,3,https://www.alloys.com.au/Images/ProductImages/Original/2021070814034773.png
AK-A05C,Akuvox,Smart Access Control Device with Facial Recognition and Bluetooth,4,https://www.alloys.com.au/Images/ProductImages/Original/Akuvox-A05S_compressed-530x530-1.jpg
AK-A094S,Akuvox,Smart Access Controller for 4 Doors,3,https://www.alloys.com.au/Images/ProductImages/Original/2023011116260311.png
AK-A095S,Akuvox,Smart Access Controller for 8 Readers,3,https://www.alloys.com.au/Images/ProductImages/Original/adaf778e9ba292aa50019ea39d6dbbcc.png
AK-ACR-CID01,Akuvox,Multifunctional Desktop Card Reader,2,https://www.alloys.com.au/Images/ProductImages/Original/ACR-CID01.png
AK-C313W-2SILVER,Akuvox,2-WIRE SIP Indoor Unit with WI-FI in Silver (Linux Version),3,https://www.alloys.com.au/Images/ProductImages/Original/2022011200440365.png
AK-C313W-2WHITE,Akuvox,2-WIRE SIP Indoor Unit with WI-FI in White (Linux Version),3,https://www.alloys.com.au/Images/ProductImages/Original/C313W.JPG
AK-C313W-WHITE,Akuvox,"7"" SIP Indoor Unit with WI-FI in White (Linux Version)",3,https://www.alloys.com.au/Images/ProductImages/Original/C313W.JPG
AK-C315S-SILVER,Akuvox,"7"" SIP Indoor Unit in Silver (Android Version)",3,https://www.alloys.com.au/Images/ProductImages/Original/2019102501290924.png
AK-C319A-WHITE,Akuvox,"10"" SIP Indoor Unit with WI-FI and Camera in White (Android 9 Version)",3,https://www.alloys.com.au/Images/ProductImages/Original/2022060116170187.png
AK-DS01,Akubela,Akubela Desktop Stand for KS41 PS51 PG71 Eu Standard Series.,3,https://www.alloys.com.au/Images/ProductImages/Original/akubela-ak-br-ds01-desktop-stand-specific-for-home-automation-monitors.jpg
AK-E12S,Akuvox,SIP Video Door Bell with Relay,3,https://www.alloys.com.au/Images/ProductImages/Original/2022031118133562.png
AK-E16C,Akuvox,SIP Door Phone with Facial Recognition,3,https://www.alloys.com.au/Images/ProductImages/Original/2021010818514649.png
AK-E18C,Akuvox,SIP Door Phone with Facial Recognition,3,https://www.alloys.com.au/Images/ProductImages/Original/2022011617371062.png
AK-E20S,Akuvox,Push Button Emergency Station,3,https://www.alloys.com.au/Images/ProductImages/Original/2023070318574580.png
AK-E21V,Akuvox,Vandal Resistant SIP Call Station,2,https://www.alloys.com.au/Images/ProductImages/Original/2019122516234848.png
AK-EC33,Akuvox,Elevator Controller,2,https://www.alloys.com.au/Images/ProductImages/Original/2023020717312020.png
AK-G31,Akubela,Akubela Gateway G31 Supports Zigbee 3.0 WI-FI and Ethernet,4,https://www.alloys.com.au/Images/ProductImages/Original/AK-G31-black_2.png
AK-IT88A-ONWALL,Akuvox,"10"" SIP Indoor Unit (Android Version)",3,https://www.alloys.com.au/Images/ProductImages/Original/2022072518304358.png
AK-IT88P-ONWALL,Akuvox,"10"" HD Indoor Monitor (Android Version)",3,https://www.alloys.com.au/Images/ProductImages/Original/2022072518304358.png
AK-IT88S-INWALL,Akuvox,"10"" SIP Indoor Unit (Android Version)",3,https://www.alloys.com.au/Images/ProductImages/Original/2022072518304358.png
AK-KS41-POE,Akubela,Akubela Linux Based Center Panel with Screen and 2-GANG Switch Eu Standard POE,3,https://www.alloys.com.au/Images/ProductImages/Original/AK-KS41-POE-EU-F.jpg
AK-MD2M-INWALLK,Akuvox,TWO-MODULE IN-WALL Mounting Box for MD06 + MD12,2,https://www.alloys.com.au/Images/ProductImages/Original/Akuvox-MD06-MD12-2Module-In-Wall-Box_2-500x500.jpg
AK-MSA201-Z,Akubela,Akubela Presence Detector,6,https://www.alloys.com.au/Images/ProductImages/Original/AK-MSA201-Z.png
AK-NC-2,Akuvox,2-WIRE IP Network Converter,3,https://www.alloys.com.au/Images/ProductImages/Original/nc2.jpg
AK-NK-2,Akuvox,2-WIRE IP Network Converter Kit 1 X AK-NC-2 1 X AK-NX-2,4,https://www.alloys.com.au/Images/ProductImages/Original/AK-NK-2
AK-NS-2,Akuvox,2-WIRE IP Network Switch,4,https://www.alloys.com.au/Images/ProductImages/Original/akuvox-ns-2.jpg
AK-PG71N-POE-US-W,Akubela,Akubela 8-INCH Touch Screen Andriod Based Control Pannel POE - White,3,https://www.alloys.com.au/Images/ProductImages/Original/PG71N-F_2.png
AK-PH81-POE-ST,Akubela,Akubela 10.36 Inch Touch Screen with Metal Frame POE,3,https://www.alloys.com.au/Images/ProductImages/Original/AK-PH81-POE-ST-F_2.png
AK-PH81-POE-ST-W,Akubela,Akubela 10.36 Inch Touch Screen with Metal Frame POE - White,2,https://www.alloys.com.au/Images/ProductImages/Original/PH81-F.png
AK-PHX1-KNX-EU,Akubela,"Akubela 10.36"" Touch Screen with Cam in Grey Zigbee Gateway (Android 12 Version)",3,https://www.alloys.com.au/Images/ProductImages/Original/AK-PHX1-KNX-EU-F_2.png
AK-PS51-KNX-EU,Akubela,"Akubela 4"" Touch Screen 2 Gang in Grey Zigbee Gateway (Android Version)",5,https://www.alloys.com.au/Images/ProductImages/Original/AK-PS51-KNX-EU-F.jpg
AK-PS51-POE-EU,Akubela,"Akubela 4"" Touch Screen with POE in Grey Zigbee Gateway (Android 10 Version) POE",3,https://www.alloys.com.au/Images/ProductImages/Original/AK-PS51-POE-EU-W-F_2.png
AK-PS51-POE-EU-W,Akubela,"Akubela 4"" Touch Screen with POE in White Zigbee Gateway (Android 10 Version) POE",2,https://www.alloys.com.au/Images/ProductImages/Original/AK-PS51-POE-EU-W-F_2.png
AK-PS51-R2-EU,Akubela,"Akubela 4"" Touch Screen in Grey Zigbee Gateway (Android 10 Version) 240V",5,https://www.alloys.com.au/Images/ProductImages/Original/AK-PS51-R2-EU-F.jpg
AK-R20A-ONWALL,Akuvox,SIP Intercom with One Button (Video & Card Reader),3,https://www.alloys.com.au/Images/ProductImages/Original/r20a.JPG
AK-R20K-2,Akuvox,2-WIRE SIP Intercom with Keypad and Rf Card Reader,3,https://www.alloys.com.au/Images/ProductImages/Original/AK-R20K-F_2.png
AK-R20K-BK-L-KIT,Akuvox,AK-R20K-BK-L-KIT 1 X AK-R20K-BLACK-L 1 X AK-LTEMOD,3,https://www.alloys.com.au/Images/ProductImages/Original/R20K
AK-R20K-L,Akuvox,SIP Intercom with Keypad and Reader LTE,2,https://www.alloys.com.au/Images/ProductImages/Original/AK-R20K-F.png
AK-R20K-L-KIT,Akuvox,AK-R20K-L-KIT 1 X AK-R20K-L 1 X AK-LTEMOD,2,https://www.alloys.com.au/Images/ProductImages/Original/AK-R20K-F.png
AK-R20K-SILVER,Akuvox,SIP Intercom with Keypad and Rf Card Reader Silver,4,https://www.alloys.com.au/Images/ProductImages/Original/AK-R20K-F_3.png
AK-R25K-BLACK,Akuvox,SIP Intercom with Keypad and Rf Card Reader Black,3,https://www.alloys.com.au/Images/ProductImages/Original/R25K-1.png
AK-R28A,Akuvox,SIP Android Door Phone with LCD,2,https://www.alloys.com.au/Images/ProductImages/Original/2019102500563341.png
AK-R29C,Akuvox,SIP Android Door Phone with Facial Recognition,3,https://www.alloys.com.au/Images/ProductImages/Original/2019102501000477.png
AK-S532,Akuvox,SIP Intercom with Keypad and Rf Card Reader,2,https://www.alloys.com.au/Images/ProductImages/Original/S532.png
AK-S535,Akuvox,Facial Recognition Door Phone Expandable with Different Functional Modules,2,https://www.alloys.com.au/Images/ProductImages/Original/S535.png
AK-S535-LTE,Akuvox,S535 Expandable LTE Module,2,https://www.alloys.com.au/Images/ProductImages/Original/AK-S535-LTE.jpg
AK-S539,Akuvox,Android 12 Smart Door Phone with 10 Inch Touch Screen,3,https://www.alloys.com.au/Images/ProductImages/Original/2023011211274057.png
AK-S562CCLIP,Akuvox,C Clip for S562/S563/S567 - Black,3,https://www.alloys.com.au/Images/ProductImages/Original/562clip
AK-S562-GREY,Akuvox,"7"" SIP Indoor Monitor in Grey (Linux Version)",3,https://www.alloys.com.au/Images/ProductImages/Original/2023070318322048.png
AK-S562W-GREY,Akuvox,"7"" SIP Indoor Monitor with WI-FI in Grey (Linux Version)",3,https://www.alloys.com.au/Images/ProductImages/Original/2023070318322048.png
AK-S563-GREY,Akuvox,"8"" SIP Indoor Monitor in Grey (Android 12 Version)",3,https://www.alloys.com.au/Images/ProductImages/Original/2023070318322048.png
AK-S563W-GREY,Akuvox,"8"" SIP Indoor Monitor with WI-FI in Grey (Android 12 Version)",3,https://www.alloys.com.au/Images/ProductImages/Original/2023070318322048.png
AK-S565-GREY,Akuvox,"10.1"" SIP Indoor Unit in Grey (Linux Version)",3,https://www.alloys.com.au/Images/ProductImages/Original/0e9dc3bfb58e036e82983230645b3dda.png
AK-S567-GREY,Akuvox,"10.1"" SIP Indoor Unit in Grey (Android 12 Version)",4,https://www.alloys.com.au/Images/ProductImages/Original/2023011212130963
AK-SPR15P,Akuvox,Big Button Phone,3,https://www.alloys.com.au/Images/ProductImages/Original/2021062917404062.png
AK-SR01,Akuvox,Compact Security Single Door I/o Module,3,https://www.alloys.com.au/Images/ProductImages/Original/Akuvox-SR01_compressed.jpg
AK-VP-R49G,Akuvox,Premium Android IP Video Phone Support POE & Gigabit Port,5,https://www.alloys.com.au/Images/ProductImages/Original/Akuvox
AK-X910,Akuvox,Aluminum SIP Video Door Bell with Relay,2,https://www.alloys.com.au/Images/ProductImages/Original/X910_.png
AK-X912S,Akuvox,Vandal Resistant SIP Video Door Phone,3,https://www.alloys.com.au/Images/ProductImages/Original/X912S.png
AK-X915S,Akuvox,SIP Android Door Phone with Facial Recognition,2,https://www.alloys.com.au/Images/ProductImages/Original/2020123119053400.png
AK-X937A,Akuvox,"15.6"" Android Indoor SIP Monitor with WI-FI and Camera Hdmi Input",3,https://www.alloys.com.au/Images/ProductImages/Original/X937A_f.png
AK-ZBMD-C1-R1,Akubela,Akubela Zigbee Controller 16A for Boiler,4,https://www.alloys.com.au/Images/ProductImages/Original/AK-ZBMD-C1-R1-F_2.png
AK-ZBMD-C1-R2,Akubela,Akubela Zigbee Controller 10A Standard,4,https://www.alloys.com.au/Images/ProductImages/Original/AK-ZBMD-C1-R2-F.png
TN-4G07V2.0,Tenda,Tenda 4G07 AC1200 DUAL-BAND WI-FI 4G LTE Router,3,https://www.alloys.com.au/Images/ProductImages/Original/4G07v2-1a.png